575.25,0.00E+00
575.75,0.00E+00
576.25,0.00E+00
576.75,0.00E+00
577.25,0.00E+00
577.75,0.00E+00
578.25,0.00E+00
578.75,0.00E+00
579.25,0.00E+00
579.75,0.00E+00
580.25,0.00E+00
580.75,0.00E+00
581.25,0.00E+00
581.75,0.00E+00
582.25,0.00E+00
582.75,0.00E+00
583.25,0.00E+00
583.75,0.00E+00
584.25,0.00E+00
584.75,0.00E+00
585.25,0.00E+00
585.75,0.00E+00
586.25,0.00E+00
586.75,0.00E+00
587.25,0.00E+00
587.75,0.00E+00
588.25,0.00E+00
588.75,0.00E+00
589.25,0.00E+00
589.75,0.00E+00
590.25,0.00E+00
590.75,0.00E+00
591.25,0.00E+00
591.75,0.00E+00
592.25,0.00E+00
592.75,0.00E+00
593.25,0.00E+00
593.75,0.00E+00
594.25,0.00E+00
594.75,0.00E+00
595.25,0.00E+00
595.75,0.00E+00
596.25,0.00E+00
596.75,0.00E+00
597.25,0.00E+00
597.75,0.00E+00
598.25,0.00E+00
598.75,0.00E+00
599.25,0.00E+00
599.75,0.00E+00
600.25,0.00E+00
600.75,0.00E+00
601.25,0.00E+00
601.75,0.00E+00
602.25,0.00E+00
602.75,0.00E+00
603.25,0.00E+00
603.75,0.00E+00
604.25,0.00E+00
604.75,0.00E+00
605.25,0.00E+00
605.75,0.00E+00
606.25,0.00E+00
606.75,0.00E+00
607.25,0.00E+00
607.75,0.00E+00
608.25,0.00E+00
608.75,0.00E+00
609.25,0.00E+00
609.75,0.00E+00
610.25,0.00E+00
610.75,0.00E+00
611.25,0.00E+00
611.75,0.00E+00
612.25,0.00E+00
612.75,0.00E+00
613.25,0.00E+00
613.75,0.00E+00
614.25,0.00E+00
614.75,0.00E+00
615.25,7.66E+02
615.75,4.59E+02
616.25,1.53E+02
616.75,3.06E+02
617.25,9.19E+02
617.75,3.06E+02
618.25,1.53E+02
618.75,3.06E+02
619.25,6.13E+02
619.75,1.53E+02
620.25,4.59E+02
620.75,0.00E+00
621.25,3.06E+02
621.75,4.59E+02
622.25,1.53E+02
622.75,0.00E+00
623.25,3.06E+02
623.75,7.66E+02
624.25,9.19E+02
624.75,1.53E+02
625.25,0.00E+00
625.75,4.59E+02
626.25,1.53E+02
626.75,4.59E+02
627.25,1.07E+03
627.75,1.53E+02
628.25,4.59E+02
628.75,6.13E+02
629.25,7.66E+02
629.75,1.38E+03
630.25,0.00E+00
630.75,3.06E+02
631.25,6.13E+02
631.75,1.38E+03
632.25,1.53E+02
632.75,7.66E+02
633.25,6.13E+02
633.75,4.59E+02
634.25,6.13E+02
634.75,9.19E+02
635.25,9.19E+02
635.75,7.66E+02
636.25,4.59E+02
636.75,3.06E+02
637.25,9.19E+02
637.75,9.19E+02
638.25,1.07E+03
638.75,6.13E+02
639.25,1.53E+03
639.75,9.19E+02
640.25,7.66E+02
640.75,7.66E+02
641.25,1.38E+03
641.75,1.69E+03
642.25,3.06E+02
642.75,6.13E+02
643.25,1.38E+03
643.75,1.23E+03
644.25,6.13E+02
644.75,6.13E+02
645.25,1.23E+03
645.75,4.29E+03
646.25,3.37E+03
646.75,2.76E+03
647.25,3.98E+03
647.75,1.69E+03
648.25,2.30E+03
648.75,2.91E+03
649.25,1.84E+03
649.75,2.14E+03
650.25,1.53E+03
650.75,5.36E+03
651.25,4.90E+03
651.75,6.12E+03
652.25,2.30E+03
652.75,2.60E+03
653.25,3.98E+03
653.75,1.23E+03
654.25,4.75E+03
654.75,7.81E+03
655.25,2.45E+03
655.75,4.59E+03
656.25,4.90E+03
656.75,6.12E+03
657.25,7.04E+03
657.75,4.75E+03
658.25,3.37E+03
658.75,6.74E+03
659.25,8.27E+03
659.75,6.74E+03
660.25,8.88E+03
660.75,8.42E+03
661.25,7.04E+03
661.75,1.36E+04
662.25,1.61E+04
662.75,1.42E+04
663.25,2.85E+04
663.75,2.94E+04
664.25,4.98E+04
664.75,6.23E+04
665.25,8.32E+04
665.75,1.31E+05
666.25,1.56E+05
666.75,2.14E+05
667.25,2.67E+05
667.75,3.29E+05
668.25,3.83E+05
668.75,4.50E+05
669.25,5.10E+05
669.75,5.76E+05
670.25,6.67E+05
670.75,7.34E+05
671.25,8.18E+05
671.75,8.55E+05
672.25,9.45E+05
672.75,1.03E+06
673.25,1.09E+06
673.75,1.15E+06
674.25,1.22E+06
674.75,1.26E+06
675.25,1.33E+06
675.75,1.34E+06
676.25,1.40E+06
676.75,1.45E+06
677.25,1.49E+06
677.75,1.53E+06
678.25,1.51E+06
678.75,1.56E+06
679.25,1.59E+06
679.75,1.61E+06
680.25,1.64E+06
680.75,1.61E+06
681.25,1.62E+06
681.75,1.67E+06
682.25,1.64E+06
682.75,1.63E+06
683.25,1.64E+06
683.75,1.63E+06
684.25,1.62E+06
684.75,1.64E+06
685.25,1.63E+06
685.75,1.60E+06
686.25,1.62E+06
686.75,1.59E+06
687.25,1.60E+06
687.75,1.57E+06
688.25,1.56E+06
688.75,1.55E+06
689.25,1.51E+06
689.75,1.51E+06
690.25,1.48E+06
690.75,1.46E+06
691.25,1.42E+06
691.75,1.38E+06
692.25,1.36E+06
692.75,1.38E+06
693.25,1.38E+06
693.75,1.40E+06
694.25,1.39E+06
694.75,1.54E+06
695.25,1.59E+06
695.75,1.73E+06
696.25,1.94E+06
696.75,2.16E+06
697.25,2.36E+06
697.75,2.55E+06
698.25,2.87E+06
698.75,2.97E+06
699.25,3.34E+06
699.75,3.59E+06
700.25,4.01E+06
700.75,4.21E+06
701.25,4.39E+06
701.75,4.82E+06
702.25,5.10E+06
702.75,5.39E+06
703.25,5.63E+06
703.75,5.89E+06
704.25,6.09E+06
704.75,6.47E+06
705.25,6.46E+06
705.75,6.63E+06
706.25,6.92E+06
706.75,7.08E+06
707.25,7.24E+06
707.75,7.32E+06
708.25,7.35E+06
708.75,7.66E+06
709.25,7.58E+06
709.75,7.70E+06
710.25,7.84E+06
710.75,7.78E+06
711.25,7.88E+06
711.75,8.10E+06
712.25,7.97E+06
712.75,8.13E+06
713.25,8.26E+06
713.75,8.36E+06
714.25,8.65E+06
714.75,9.03E+06
715.25,9.41E+06
715.75,9.61E+06
716.25,1.03E+07
716.75,1.07E+07
717.25,1.11E+07
717.75,1.17E+07
718.25,1.18E+07
718.75,1.26E+07
719.25,1.31E+07
719.75,1.37E+07
720.25,1.42E+07
720.75,1.44E+07
721.25,1.49E+07
721.75,1.55E+07
722.25,1.57E+07
722.75,1.60E+07
723.25,1.64E+07
723.75,1.65E+07
724.25,1.67E+07
724.75,1.70E+07
725.25,1.67E+07
725.75,1.69E+07
726.25,1.70E+07
726.75,1.71E+07
727.25,1.73E+07
727.75,1.67E+07
728.25,1.68E+07
728.75,1.68E+07
729.25,1.69E+07
729.75,1.66E+07
730.25,1.64E+07
730.75,1.64E+07
731.25,1.65E+07
731.75,1.62E+07
732.25,1.60E+07
732.75,1.60E+07
733.25,1.58E+07
733.75,1.59E+07
734.25,1.56E+07
734.75,1.61E+07
735.25,1.60E+07
735.75,1.59E+07
736.25,1.63E+07
736.75,1.63E+07
737.25,1.66E+07
737.75,1.63E+07
738.25,1.65E+07
738.75,1.68E+07
739.25,1.66E+07
739.75,1.69E+07
740.25,1.68E+07
740.75,1.68E+07
741.25,1.67E+07
741.75,1.66E+07
742.25,1.64E+07
742.75,1.63E+07
743.25,1.60E+07
743.75,1.59E+07
744.25,1.57E+07
744.75,1.50E+07
745.25,1.47E+07
745.75,1.44E+07
746.25,1.40E+07
746.75,1.36E+07
747.25,1.33E+07
747.75,1.26E+07
748.25,1.23E+07
748.75,1.19E+07
749.25,1.18E+07
749.75,1.10E+07
750.25,1.05E+07
750.75,1.03E+07
751.25,1.02E+07
751.75,9.64E+06
752.25,9.21E+06
752.75,9.04E+06
753.25,8.73E+06
753.75,8.57E+06
754.25,8.12E+06
754.75,8.14E+06
755.25,7.91E+06
755.75,7.66E+06
756.25,7.61E+06
756.75,7.35E+06
757.25,7.48E+06
757.75,7.11E+06
758.25,6.98E+06
758.75,6.83E+06
759.25,6.69E+06
759.75,6.61E+06
760.25,6.56E+06
760.75,6.25E+06
761.25,6.22E+06
761.75,5.95E+06
762.25,5.80E+06
762.75,5.55E+06
763.25,5.31E+06
763.75,5.30E+06
764.25,4.96E+06
764.75,4.71E+06
765.25,4.46E+06
765.75,4.31E+06
766.25,3.95E+06
766.75,3.81E+06
767.25,3.60E+06
767.75,3.48E+06
768.25,3.22E+06
768.75,3.02E+06
769.25,2.95E+06
769.75,2.79E+06
770.25,2.61E+06
770.75,2.53E+06
771.25,2.48E+06
771.75,2.42E+06
772.25,2.29E+06
772.75,2.26E+06
773.25,2.25E+06
773.75,2.29E+06
774.25,2.24E+06
774.75,2.24E+06
775.25,2.25E+06
775.75,2.30E+06
776.25,2.33E+06
776.75,2.30E+06
777.25,2.41E+06
777.75,2.51E+06
778.25,2.42E+06
778.75,2.52E+06
779.25,2.51E+06
779.75,2.50E+06
780.25,2.56E+06
780.75,2.63E+06
781.25,2.61E+06
781.75,2.63E+06
782.25,2.55E+06
782.75,2.68E+06
783.25,2.67E+06
783.75,2.69E+06
784.25,2.74E+06
784.75,2.72E+06
785.25,2.68E+06
785.75,2.66E+06
786.25,2.71E+06
786.75,2.76E+06
787.25,2.71E+06
787.75,2.70E+06
788.25,2.68E+06
788.75,2.67E+06
789.25,2.64E+06
789.75,2.67E+06
790.25,2.60E+06
790.75,2.64E+06
791.25,2.65E+06
791.75,2.66E+06
792.25,2.59E+06
792.75,2.57E+06
793.25,2.53E+06
793.75,2.46E+06
794.25,2.40E+06
794.75,2.43E+06
795.25,2.42E+06
795.75,2.39E+06
796.25,2.36E+06
796.75,2.24E+06
797.25,2.19E+06
797.75,2.11E+06
798.25,2.09E+06
798.75,2.01E+06
799.25,1.98E+06
799.75,1.82E+06
800.25,1.72E+06
800.75,1.64E+06
801.25,1.56E+06
801.75,1.49E+06
802.25,1.43E+06
802.75,1.32E+06
803.25,1.26E+06
803.75,1.17E+06
804.25,1.05E+06
804.75,9.91E+05
805.25,9.53E+05
805.75,8.26E+05
806.25,7.80E+05
806.75,7.01E+05
807.25,6.42E+05
807.75,5.80E+05
808.25,5.19E+05
808.75,4.66E+05
809.25,4.26E+05
809.75,3.93E+05
810.25,3.48E+05
810.75,3.22E+05
811.25,2.79E+05
811.75,2.74E+05
812.25,2.29E+05
812.75,1.96E+05
813.25,1.75E+05
813.75,1.66E+05
814.25,1.64E+05
814.75,1.45E+05
815.25,1.41E+05
815.75,1.08E+05
816.25,1.09E+05
816.75,1.05E+05
817.25,9.49E+04
817.75,8.56E+04
818.25,7.15E+04
818.75,8.86E+04
819.25,6.75E+04
819.75,7.07E+04
820.25,5.95E+04
820.75,6.83E+04
821.25,5.56E+04
821.75,6.11E+04
822.25,5.29E+04
822.75,5.47E+04
823.25,3.63E+04
823.75,3.76E+04
824.25,2.87E+04
824.75,3.29E+04
825.25,2.69E+04
825.75,2.39E+04
826.25,2.33E+04
826.75,2.15E+04
827.25,1.73E+04
827.75,2.81E+04
828.25,1.56E+04
828.75,1.97E+04
829.25,1.85E+04
829.75,1.38E+04
830.25,1.14E+04
830.75,1.32E+04
831.25,7.77E+03
831.75,8.37E+03
832.25,8.97E+03
832.75,6.58E+03
833.25,5.38E+03
833.75,8.37E+03
834.25,8.37E+03
834.75,1.50E+04
835.25,8.97E+03
835.75,1.02E+04
836.25,5.38E+03
836.75,1.02E+04
837.25,5.98E+03
837.75,5.98E+03
838.25,5.38E+03
838.75,4.78E+03
839.25,9.57E+03
839.75,4.78E+03
840.25,8.97E+03
840.75,5.98E+03
841.25,1.02E+04
841.75,7.18E+03
842.25,7.18E+03
842.75,7.77E+03
843.25,7.18E+03
843.75,7.18E+03
844.25,2.39E+03
844.75,6.58E+03
845.25,4.19E+03
845.75,4.19E+03
846.25,2.39E+03
846.75,8.97E+03
847.25,7.18E+03
847.75,7.18E+03
848.25,3.59E+03
848.75,5.98E+03
849.25,7.77E+03
849.75,3.59E+03
850.25,3.59E+03
850.75,5.98E+03
851.25,5.98E+03
851.75,4.78E+03
852.25,5.38E+03
852.75,7.18E+03
853.25,7.18E+03
853.75,6.58E+03
854.25,4.19E+03
854.75,5.38E+03
855.25,8.97E+03
855.75,2.99E+03
856.25,3.59E+03
856.75,2.39E+03
857.25,7.77E+03
857.75,8.37E+03
858.25,5.38E+03
858.75,2.99E+03
859.25,4.78E+03
859.75,4.19E+03
860.25,0.00E+00
860.75,0.00E+00
861.25,0.00E+00
861.75,0.00E+00
862.25,0.00E+00
862.75,0.00E+00
863.25,8.40E+02
863.75,1.12E+03
864.25,1.68E+03
864.75,0.00E+00
865.25,1.68E+03
865.75,1.40E+03
866.25,0.00E+00
866.75,8.40E+02
867.25,5.60E+02
867.75,1.40E+03
868.25,8.40E+02
868.75,1.12E+03
869.25,1.12E+03
869.75,1.68E+03
870.25,2.80E+02
870.75,2.52E+03
871.25,1.12E+03
871.75,1.68E+03
872.25,8.40E+02
872.75,1.12E+03
873.25,1.40E+03
873.75,2.24E+03
874.25,1.96E+03
874.75,2.80E+02
875.25,1.40E+03
875.75,2.80E+02
876.25,2.24E+03
876.75,1.96E+03
877.25,8.40E+02
877.75,8.40E+02
878.25,8.40E+02
878.75,8.40E+02
879.25,2.52E+03
879.75,3.36E+03
880.25,8.40E+02
880.75,1.12E+03
881.25,2.24E+03
881.75,2.24E+03
882.25,2.52E+03
882.75,1.12E+03
883.25,8.40E+02
883.75,2.52E+03
884.25,1.96E+03
884.75,1.40E+03
885.25,2.52E+03
885.75,1.40E+03
886.25,3.08E+03
886.75,1.40E+03
887.25,3.08E+03
887.75,3.92E+03
888.25,1.12E+03
888.75,3.36E+03
889.25,2.52E+03
889.75,1.40E+03
890.25,2.52E+03
890.75,2.24E+03
891.25,3.08E+03
891.75,2.80E+03
892.25,2.80E+03
892.75,3.36E+03
893.25,2.80E+03
893.75,2.52E+03
894.25,2.52E+03
894.75,3.92E+03
895.25,3.08E+03
895.75,2.24E+03
896.25,2.80E+03
896.75,5.04E+03
897.25,4.20E+03
897.75,5.60E+03
898.25,3.08E+03
898.75,5.60E+03
899.25,8.12E+03
899.75,8.68E+03
900.25,5.88E+03
900.75,8.68E+03
901.25,1.06E+04
901.75,1.40E+04
902.25,1.79E+04
902.75,1.88E+04
903.25,2.49E+04
903.75,3.70E+04
904.25,4.17E+04
904.75,6.27E+04
905.25,7.70E+04
905.75,8.82E+04
906.25,1.17E+05
906.75,1.67E+05
907.25,1.89E+05
907.75,2.34E+05
908.25,2.95E+05
908.75,3.37E+05
909.25,4.04E+05
909.75,4.65E+05
910.25,5.12E+05
910.75,5.80E+05
911.25,6.63E+05
911.75,6.87E+05
912.25,7.62E+05
912.75,8.71E+05
913.25,9.17E+05
913.75,1.02E+06
914.25,1.11E+06
914.75,1.10E+06
915.25,1.19E+06
915.75,1.29E+06
916.25,1.37E+06
916.75,1.40E+06
917.25,1.49E+06
917.75,1.55E+06
918.25,1.62E+06
918.75,1.65E+06
919.25,1.71E+06
919.75,1.79E+06
920.25,1.80E+06
920.75,1.80E+06
921.25,1.89E+06
921.75,1.93E+06
922.25,1.98E+06
922.75,1.99E+06
923.25,2.07E+06
923.75,2.01E+06
924.25,2.05E+06
924.75,2.12E+06
925.25,2.10E+06
925.75,2.17E+06
926.25,2.14E+06
926.75,2.19E+06
927.25,2.12E+06
927.75,2.16E+06
928.25,2.22E+06
928.75,2.21E+06
929.25,2.17E+06
929.75,2.16E+06
930.25,2.19E+06
930.75,2.19E+06
931.25,2.14E+06
931.75,2.17E+06
932.25,2.13E+06
932.75,2.19E+06
933.25,2.15E+06
933.75,2.13E+06
934.25,2.11E+06
934.75,2.15E+06
935.25,2.12E+06
935.75,2.13E+06
936.25,2.10E+06
936.75,2.08E+06
937.25,2.03E+06
937.75,2.06E+06
938.25,2.02E+06
938.75,1.99E+06
939.25,1.97E+06
939.75,1.97E+06
940.25,1.92E+06
940.75,1.88E+06
941.25,1.83E+06
941.75,1.80E+06
942.25,1.75E+06
942.75,1.71E+06
943.25,1.64E+06
943.75,1.64E+06
944.25,1.56E+06
944.75,1.54E+06
945.25,1.41E+06
945.75,1.36E+06
946.25,1.34E+06
946.75,1.23E+06
947.25,1.18E+06
947.75,1.11E+06
948.25,1.09E+06
948.75,1.03E+06
949.25,9.44E+05
949.75,8.73E+05
950.25,8.30E+05
950.75,7.98E+05
951.25,7.38E+05
951.75,6.41E+05
952.25,6.08E+05
952.75,5.59E+05
953.25,5.30E+05
953.75,4.98E+05
954.25,4.39E+05
954.75,4.07E+05
955.25,3.63E+05
955.75,3.41E+05
956.25,3.16E+05
956.75,2.85E+05
957.25,2.47E+05
957.75,2.37E+05
958.25,2.15E+05
958.75,1.96E+05
959.25,1.91E+05
959.75,1.50E+05
960.25,1.53E+05
960.75,1.38E+05
961.25,1.44E+05
961.75,1.16E+05
962.25,1.09E+05
962.75,9.57E+04
963.25,8.76E+04
963.75,8.29E+04
964.25,7.56E+04
964.75,7.67E+04
965.25,7.08E+04
965.75,6.44E+04
966.25,5.57E+04
966.75,5.77E+04
967.25,5.52E+04
967.75,4.82E+04
968.25,4.31E+04
968.75,4.12E+04
969.25,3.98E+04
969.75,4.03E+04
970.25,4.31E+04
970.75,2.83E+04
971.25,3.19E+04
971.75,3.56E+04
972.25,2.41E+04
972.75,2.72E+04
973.25,2.66E+04
973.75,2.80E+04
974.25,2.44E+04
974.75,2.52E+04
975.25,2.13E+04
975.75,1.96E+04
976.25,1.96E+04
976.75,1.46E+04
977.25,1.32E+04
977.75,2.16E+04
978.25,1.43E+04
978.75,1.43E+04
979.25,1.57E+04
979.75,1.04E+04
980.25,1.20E+04
980.75,1.15E+04
981.25,1.04E+04
981.75,8.40E+03
982.25,1.01E+04
982.75,5.32E+03
983.25,7.00E+03
983.75,9.80E+03
984.25,1.04E+04
984.75,6.16E+03
985.25,8.12E+03
985.75,9.80E+03
986.25,5.04E+03
986.75,6.44E+03
987.25,6.16E+03
987.75,5.60E+03
988.25,8.68E+03
988.75,6.44E+03
989.25,5.88E+03
989.75,5.04E+03
990.25,6.72E+03
990.75,3.64E+03
991.25,5.32E+03
991.75,4.76E+03
992.25,8.40E+03
992.75,3.64E+03
993.25,6.72E+03
993.75,4.76E+03
994.25,5.32E+03
994.75,7.28E+03
995.25,7.56E+03
995.75,5.04E+03
996.25,7.56E+03
996.75,3.64E+03
997.25,5.04E+03
997.75,5.88E+03
998.25,3.64E+03
998.75,4.76E+03
999.25,2.24E+03
999.75,4.48E+03
1000.25,5.60E+03
1000.75,6.72E+03
1001.25,5.32E+03
1001.75,3.36E+03
1002.25,5.04E+03
1002.75,7.00E+03