source	mtime_local	bytes	sha256
/Users/ihaein/Work/E72/Simul/tpc_simple_analyzer/macro/acceptance.cc	2025-03-25T15:58:12.077662	4155	eab058566902ef02565a9e6c55a1818548e8f72cae618c1000fe7cc41ca02f32
/Users/ihaein/Work/E72/Simul/tpc_simple_analyzer/macro/bac_kvc_study.cc	2025-03-10T11:57:31.501610	2128	a3a5ca942d42541fa8b8ed4d25fce851b493d544d3655055dfbf69c1996dfe7a
/Users/ihaein/Work/E72/Simul/tpc_simple_analyzer/macro/crystalball.cc	2025-12-06T09:44:57.703836	18054	f5ea655d21a204c6d094de2f5df15a0ab3486f58b7603003bab44d3daea1710b
/Users/ihaein/Work/E72/Simul/tpc_simple_analyzer/macro/data/Nbeam_251123.csv	2025-11-23T05:07:41.420974	14556	05053deb885515b9d325420ac406c6946c6d0629f6d436faafa79d1362bd5539
/Users/ihaein/Work/E72/Simul/tpc_simple_analyzer/macro/data/convert_csv.cc	2025-11-23T07:23:29.960462	1398	427b972c66598fd3353b02aaecef2c690788feea056e6383bb9b6f5f6a8ef1de
/Users/ihaein/Work/E72/Simul/tpc_simple_analyzer/macro/diff_cross.cc	2025-03-24T15:50:40.486457	3392	7c93fb3e1462b3831d2ee2396fe5e6876228565fc17aa574e5954098396c88df
/Users/ihaein/Work/E72/Simul/tpc_simple_analyzer/macro/e72_defocus.cc	2025-10-09T05:30:11.930517	2594	aee4456509e2d7b1894d47456d096fe2acfc06f3fa50cf065f5042bb37ed402c
/Users/ihaein/Work/E72/Simul/tpc_simple_analyzer/macro/param/acceptance_mom_cos.txt	2026-09-10T05:52:13.583447	8887	cb9eb8c62fe952a4dcd0364bfaddeb68c5dd50387b180fb9362bb62ac9258dbd
/Users/ihaein/Work/E72/Simul/tpc_simple_analyzer/macro/param/entry_mom.txt	2026-09-10T05:55:14.631461	320	de907b81ccc4fa4d5fb37e0a2bd604787d03c3c701ed151a897bd8d69bfb6ad6
/Users/ihaein/Work/E72/Simul/tpc_simple_analyzer/macro/param/entry_mom_cos.txt	2026-09-10T05:44:07.234778	8656	6bcae5021b389381fc05179eda826646a8f1b11b60f7aafbe98c273de208eb4a
/Users/ihaein/Work/E72/Simul/tpc_simple_analyzer/macro/param/luminosity_mom.txt	2026-09-10T05:55:14.631372	326	d5bb1e22b394031eed449048211638d6bd351e8cec7296f023b1d3128db44a98
/Users/ihaein/Work/E72/Simul/tpc_simple_analyzer/macro/polar.cc	2025-06-25T01:45:35.765384	4799	330e9e4aa5b4b3c424cc952d9341587042ecee9fb53c9d7d00be73e8217fd4e0
/Users/ihaein/Work/E72/Simul/tpc_simple_analyzer/macro/polar_th.cc	2025-12-07T22:18:18.399956	6769	cb25576433bb32cbb24a8ad515191da1f6e8e04c42a74ecd4f8890a1c9661a06
/Users/ihaein/Work/E72/Simul/tpc_simple_analyzer/macro/polarity/README	2025-09-28T16:48:34.113800	66	cdee51647ef88866bb8614d7f44ee5d4e797b15e943db1006fbb5d53bf967853
/Users/ihaein/Work/E72/Simul/tpc_simple_analyzer/macro/polarity/acceptance.cc	2025-10-08T04:56:03.305710	4212	c33d852205073c4eac5efea6623886cb3c1e6783fd44f2e15a6c0ede22fe9793
/Users/ihaein/Work/E72/Simul/tpc_simple_analyzer/macro/polarity/crystalball.cc	2025-12-07T02:43:42.939809	18119	575cf2621dca59146d0195cd728ccccd3badc6be3727d0733d8a2088024a9eed
/Users/ihaein/Work/E72/Simul/tpc_simple_analyzer/macro/polarity/diff_cross.cc	2025-09-28T16:36:02.145079	3608	db62b8dfc699362583baeb50eb9eaeffbf7fa11f97d1f27799efd7b076194b0d
/Users/ihaein/Work/E72/Simul/tpc_simple_analyzer/macro/polarity/make_beamfile.cc	2025-10-09T08:13:35.226001	4753	ea6712479cbe77dd533e194d023358ac984a87ec2881339025da5ebf8a4b4b21
/Users/ihaein/Work/E72/Simul/tpc_simple_analyzer/macro/polarity/param/acceptance_mom_cos.txt	2025-12-07T02:28:11.835058	14185	5d526e45c0c18a8fe1e47513033dd9e9a1bf101ecb9f2dd1b8179df944daafea
/Users/ihaein/Work/E72/Simul/tpc_simple_analyzer/macro/polarity/param/entry_mom.txt	2026-09-10T05:53:24.171273	503	b13680bfc8a91511d9b2a87e89799a3410b7369a695417092d07103b2b6b3f78
/Users/ihaein/Work/E72/Simul/tpc_simple_analyzer/macro/polarity/param/entry_mom_cos.txt	2025-12-07T02:28:27.469361	13832	86add7c599ad2af04bcce2fd664a3f7cc9efcc2843f7b56ec1bff296569c6adb
/Users/ihaein/Work/E72/Simul/tpc_simple_analyzer/macro/polarity/param/luminosity_mom.txt	2026-09-10T05:53:24.171184	505	256564f34efe612fad4a0870e255abd041420a2970714b985ba69043f44a4f6b
/Users/ihaein/Work/E72/Simul/tpc_simple_analyzer/macro/polarity/polar_th.cc	2025-10-08T05:20:21.200026	7046	e79203c294b7f18233cae551291d20fd04c5aadeac52f0caa7cfe03c82d8026b
/Users/ihaein/Work/E72/Simul/tpc_simple_analyzer/macro/polarity/yield.cc	2025-11-23T08:17:34.940674	12099	edc450b2d81039cf0547d14755a4ad5602f3da47a0f935dd6a1a79fdf984d36f
/Users/ihaein/Work/E72/Simul/tpc_simple_analyzer/macro/total_E72.cc	2025-03-31T05:11:42.661331	4948	b843ec5609dadff2717f1c98ede3beebcd9be1b2f435fe2690171fbcc602fc7b
/Users/ihaein/Work/E72/Simul/tpc_simple_analyzer/macro/trigger_rate.cc	2025-02-28T05:47:46.431691	5004	f567ef777f2a7397d204c67bc2d4bad4144081a9e1f872b9da1432729de6099d
/Users/ihaein/Work/E72/Simul/tpc_simple_analyzer/macro/yield.cc	2025-11-23T08:14:39.498860	12919	2623d3da96ddcc2819091278b965baefe2160059eed8558d2813c6db1855b606
/Users/ihaein/Work/E72/Simul/tpc_simple_analyzer/macro/yield_E72.cc	2025-11-20T21:59:15.591689	12595	667cd77c14363e961469e408b858886ebb6d2f92983984424a739d96c1ee950b
